Transaction ID,Payment Date,Merchant Name,Transaction Amount,Payment Status
123456789,2023-11-20,XYZ Grocery,100,Success
987654321,2023-11-19,ABC Electronics,500,Success
123456789,2023-11-18,PQR Clothing,250,Success
987654321,2023-11-17,LMN Taxi,150,Success
123456789,2023-11-16,DEF Movies,200,Success
987654321,2023-11-15,GHI Restaurant,300,Success
123456789,2023-11-14,JKL Recharge,100,Success
987654321,2023-11-13,MNO Grocery,200,Success
123456789,2023-11-12,PQR Electronics,150,Success
987654321,2023-11-11,LMN Clothing,100,Success